na	830
e	346
ni	342
mai	223
dua	146
ka	139
viti	127
sa	118
ena	97
me	94
kei	76
ko	73
i	72
kina	66
siti	64
kau	58
vu	57
vei	56
yanuyanu	53
ira	53
a	40
oqo	40
ra	40
ivola	38
levu	38
vanua	37
o	35
manumanu	35
era	33
kena	32
se	32
lotu	29
ga	29
tiko	28
tabu	28
sega	27
nona	26
ki	25
ika	25
tamata	25
astronidium	25
josefa	24
jisu	24
matanitu	23
karisito	23
turaga	22
tale	22
tu	22
vuka	21
ia	21
koro	20
koya	20
gauna	20
kalou	20
mo	20
nodra	20
	19
bula	19
the	19
vosa	18
vakabauta	18
aglaia	18
kakua	18
vola	18
dau	17
momani	17
nai	16
sara	15
dina	15
dodonu	15
tini	15
rawa	14
eso	14
isireli	14
kai	14
veika	14
vaka	14
tui	13
au	13
yaco	13
sucu	12
taucoko	12
talega	12
da	12
vua	12
brazil	12
yabaki	11
nomu	11
veiyalayalati	11
nei	11
ai	11
simici	11
raica	11
qai	11
of	11
toy	10
story	10
kalougata	10
rua	10
television	10
bsk	10
baleta	9
rt	9
ratu	9
nadi	9
vuravura	9
vuqa	9
vuli	9
ice	9
age	9
ca	9
keimami	8
va	8
bau	8
shrek	8
vou	8
so	8
gone	8
balaka	8
solia	7
sai	7
noda	7
ijipta	7
cakacaka	7
liu	7
tukutuku	7
to	7
rau	7
parofita	7
kila	7
tolu	7
lima	7
d	7
mate	7
wilika	7
iratou	7
duabau	7
barbus	6
vakavuvulitaka	6
tukuna	6
duadua	6
and	6
soli	6
jiova	6
erau	6
cars	6
veikau	6
vinaka	6
veisau	6
siga	6
katolika	6
valavala	6
yani	6
ivolatabu	6
makawa	6
lewe	6
cava	6
kilai	6
vakalotu	5
beka	5
vata	5
roma	5
edaidai	5
jerusalemi	5
kunei	5
vale	5
la	5
mana	5
music	5
loma	5
yalododonu	5
poland	5
tavua	5
veiliutaki	5
lomalagi	5
vakayagataka	5
vunau	5
palisitaina	5
walega	5
veiqaravi	5
lewa	5
kadavu	5
rio	5
rauta	5
chile	5
masu	5
dou	5
liutaki	5
vakatokai	5
ivunau	5
bale	5
bebe	5
iko	5
nifai	4
malolo	4
tukutuku-vinaka	4
oneness	4
vakaturaga	4
vakapenitiko	4
kenai	4
lailai	4
muri	4
kecega	4
cavuti	4
victoriae	4
oqori	4
movement	4
yawa	4
paulo	4
iapositolo	4
lewena	4
nanuma	4
ulunivanua	4
rusi	4
oti	4
keda	4
movie	4
b.k	4
toso	4
sk	4
cyphosperma	4
vuku	4
star	4
as	4
cakaudrove	4
tani	4
cynometra	4
cakava	4
maroroi	4
matai	4
de	4
kaya	4
voli	4
veimataqali	4
simici—ai	4
vakasama	4
matabete	4
in	4
taumada	4
vakavulici	4
qasenivuli	4
pentecostalism	4
lesu	4
do	4
kaukauwa	4
são	4
vietnam	4
wili	4
rairai	4
mosese	4
calophyllum	4
vakavalagi	3
vakadidike	3
perisia	3
national	3
voleka	3
ratou	3
musa	3
cowdery	3
ruku	3
kemudou	3
vo	3
vakadinadinataka	3
taqomaki	3
ono	3
veigauna	3
liutaka	3
venezuela	3
univesiti	3
koroturaga	3
bokini	3
jaina	3
drau	3
milioni	3
yago	3
papiloni	3
qaravi	3
tabana	3
taoni	3
joni	3
eratou	3
janeiro	3
vakaoqo	3
vakayacora	3
sir	3
ramurface	3
matata	3
kioa	3
savusavu	3
toka	3
veipapitaisotaki	3
peresitedi	3
loloma	3
kacivi	3
ba	3
niusiladi	3
veivukei	3
ivakavuvuli	3
kalavo	3
madagasikar	3
penaia	3
lautoka	3
cei	3
veimama	3
gonevuli	3
savasava	3
oliver	3
matalotu	3
vaka-viti	3
ganilau	3
ovini	3
kedrau	3
otioti	3
mani	3
okati	3
spp	3
koronivuli	3
yavusa	3
kosipeli	3
vakalevu	3
kedra	3
kece	3
cavu	3
cavuta	3
suva	3
vakamacalataka	3
olive	3
vakatakila	3
vakalomalagi	3
lasu	3
yaga	3
yadua	3
church	3
koto	3
virescens	3
john	3
wai	3
cakau	3
eda	3
ne	3
lako	3
vakabulai	3
luvena	3
udolu	3
caka	3
fiji	3
okoladi	3
partim	3
berlin	3
tamana	3
reba	3
bahia	3
tauyavutaka	3
veivutuni	3
ei	3
caranx	3
kevaka	3
vakavuvuli	3
taukei	3
maliwa	3
kaboni	3
vakavuna	3
tauni	3
papitaisotaki	3
vakairau	3
storckii	3
veiyabaki	3
jiuta	3
denominations	3
veivakavulici	3
veisaqasaqa	3
paula	3
michael	3
coronel	2
kauvakavesu	2
caesar	2
uruguaiana	2
qasikalolo	2
tokalau	2
guy	2
saunaka	2
lelevu	2
vakadewataki	2
kanacea	2
kadavu”	2
lala	2
pallidiflorum	2
ronald	2
amplexicaulis	2
reagan	2
jackson	2
atuna	2
antananarivo	2
kasiense	2
barringtonia	2
vakatekivu	2
duaduaga	2
fulaga	2
yaubula	2
yalalevu	2
navala	2
stary	2
tinikaciwa	2
iliuliu	2
macranthum	2
bera	2
calvin	2
naitaba	2
dravuni	2
savu	2
kauti	2
hoi	2
vuna	2
mago	2
namatakula	2
naki	2
veikoro	2
vakacacani	2
viseisei	2
clinostigma	2
lakolako	2
n	2
tauri	2
lauwaki	2
saratov	2
simpsons	2
insularis	2
doors	2
short	2
syzygium	2
vakacecegu	2
vakataka	2
buenos	2
ciwa	2
or	2
chi	2
kasaledamu	2
alegre	2
kasirara	2
koi	2
tauyavutaki	2
vica	2
ya	2
diospyros	2
vunikavikaloa	2
megascops	2
leleuvia	2
longirostris	2
wasewase	2
dalo	2
banovci	2
levuka	2
parrii	2
vudi	2
vuvundi	2
vung	2
veisorovaki	2
vakaitikotiko	2
jesus	2
maciu	2
amerika	2
gogo	2
ˈyːtɐzən	2
also	2
ulavi	2
usa	2
jemesa	2
vakamacalataki	2
spiraeanthemum	2
puerto	2
cumulacai	2
degeneri	2
iotioti	2
manu	2
montevideo	2
archboldiana	2
oka	2
pelecanus	2
chambersii	2
cudruvi	2
galoa	2
niuniu	2
trek	2
list	2
brasília	2
vaka-jiuta	2
taura	2
kura	2
wars	2
sitisiti	2
tutu	2
taudua	2
for	2
davilai	2
smurfs	2
college	2
diffusum	2
curitiba	2
curumi	2
tales	2
sigatoka	2
robustum	2
giap	2
mathuataensis	2
dredre	2
hatana	2
yacana	2
fagraea	2
aires	2
vukea	2
cicia	2
toa	2
donuya	2
vakadonui	2
illinois	2
papitaiso	2
lomani	2
vakailasu	2
yaca	2
vitu	2
qarase	2
pea	2
cephalopholis	2
uetersen	2
johnson	2
family	2
walu	2
ikarua	2
referred	2
caracas	2
tau	2
lamprolia	2
bose	2
sala	2
cruz	2
valparaíso	2
vonu	2
vulica	2
kirisi	2
international	2
gramado	2
sikorere	2
geissois	2
kabatia	2
lodoni	2
salvador	2
vakarokorokotaki	2
saulae	2
street	2
idini	2
unifolia	2
foz	2
denarau	2
island	2
pentecostal	2
nairai	2
kabara	2
kawakawaloa	2
uea	2
vakataki	2
yapolo	2
apostolic	2
superba	2
vakadewataka	2
blechnum	2
marama	2
santiago	2
saqadrau	2
soti	2
meu	2
moala	2
gonetagane	2
ivi	2
toons	2
vakalesuya	2
kune	2
ganiviti	2
erythrina	2
hillii	2
niu	2
vakaraitaka	2
weleti	2
garfield	2
uvi	2
vakaraitaki	2
susu	2
asiatica	2
labasa	2
eori	2
vakacegu	2
doctrine	2
vitiense	2
imbricatus	2
gracilipes	2
croatia	2
within	2
tomentosum	2
esculenta	2
eigenmannia	2
volai	2
utouto	2
moturiki	2
saqanivatu	2
umani	2
explorer	2
lepidotum	2
ceva	2
dacrycarpus	2
coro	2
koli	2
ke	2
veimatalotu	2
inophyllum	2
qin	2
jiaina	2
catenarius	2
acsmithia	2
tabaki	2
kaka	2
tukuni	2
films	2
kilomita	2
kalia	2
vakavuai	2
sivia	2
cecere	2
vakadodonutaka	2
saqaleka	2
nasaqalau	2
gallus	2
jack	2
premna	2
ho	2
tekivu	2
china	2
sul	2
rawata	2
moshchena	2
balabalavu	2
gau	2
yavu	2
lethrinus	2
rock	2
trichospadix	2
gole	2
okosivote	2
madrai	2
vakaroti	2
italatala	2
gadrevi	2
itabagauna	2
minh	2
batiki	2
kaibu	2
catalão	2
qalito	2
korovou	2
rosa	2
osasco	2
queen	2
duna	2
nagigia	2
temuco	2
ruasagavulu	2
matuku	2
yaqona	2
itukutuku	2
dora	2
chicago	2
matagi	2
squarepants	2
sperchiensis	2
nausori	2
kula	2
christianity	2
nodrau	2
mataqu	2
cusco	2
dong	2
kawago	2
hofliua	2
depeche	2
galala	2
musician	2
nguyen	2
mode	2
balebale	2
kulakula	2
vitiensis	2
lawa	2
pulumakau	2
america	2
tabacenitoga	2
trpinja	2
floribundum	2
ivakadinadina	2
tucake	2
sesame	2
namenalala	2
alsmithia	2
graeffei	2
laucala	2
occidentalis	2
monuriki	2
laba	2
inflatum	2
noqu	2
voivoi	2
acacia	2
somosomo	2
paltoga	2
dwór	2
saqaloa	2
fusca	2
nawaka	2
koro-ni-o	2
neo-ebudicum	2
veilecayaki	2
pigazzano	2
nacula	2
mataqali	2
kuro	2
entrena	2
nickelodeon	2
kumala	2
spongebob	2
nasinu	2
esenui	2
saltatorum	2
porto	2
atricilla	2
gardenia	2
naigani	2
iguaçu	2
anggun	2
lakeba	2
exorrhizum	2
chanos	2
park	2
this	2
alikisada	2
lomaloma	2
albogularis	2
saiva	2
dobra	2
wiliwili	2
south	2
teo	2
coqeloa	2
cambridge	2
basiphylla	2
microcarpa	2
laisenia	2
evansensis	2
parkia	2
veivola	2
łobez	2
beqa	2
gracilis	2
st	2
kawa	2
concepción	2
falcata	2
trojany	2
christian	2
jamani	2
elliptica	2
makogai	2
kuata	2
tanga	2
lami	2
tekitekivu	2
fabriciano	2
agnez	2
marau	2
matavuvale	2
lituani	2
minutifolia	2
vaqo	2
kenani	2
droka	2
gaii	2
dikevi	2
collarti	2
protrusa	2
ituvaki	2
fasciculosa	2
meca	2
teletubbies	2
ititoko	2
monu	2
dusimaki	2
shi	2
vakasaqara	2
veibitubitu	2
fragilis	2
leucophaeus	2
grande	2
bati	1
volaitukutukutaki	1
cokocoko	1
raivotu	1
daunivakasala	1
wycliffe	1
los	1
notoc	1
yasana	1
roka	1
tasisi	1
bubului	1
yacani	1
asa	1
sivai	1
most	1
melampygus	1
lasi	1
dokosaiti	1
wikipedia	1
bia	1
around	1
taukena	1
rokocoko	1
admin@st-peters.school.nz	1
dodnu	1
tall	1
vaka-hindi	1
kaono	1
cala	1
dance	1
vosavakacacataki	1
dauveipapitaiso	1
uluivida	1
pantherinus	1
yaloyalo	1
namaka	1
lecava	1
bbc	1
tiseba	1
talai	1
pandanus	1
vakaraica	1
bicolor	1
disney/pixar	1
its	1
mountain	1
tama	1
are	1
veiveisau	1
via	1
kalevu	1
tavi	1
version	1
vosoti	1
qo	1
formicidae	1
di	1
nebulosus	1
iukuuku	1
urban	1
rome	1
rotundata	1
jiutasa	1
digitaka	1
imperator	1
dui	1
watina	1
biuti	1
cetoscarus	1
tba	1
daulomana	1
noeditsection	1
angeles	1
igiladi	1
sikituru	1
vaka-buda	1
james	1
ripablik	1
vua”	1
dra	1
first	1
hạf'liua	1
dauniserekali	1
protestants	1
idola	1
ramase	1
bukawaqa	1
ziying(206	1
bambuseae	1
sosomitaki	1
isikeli	1
ciqomi	1
harak	1
conservation	1
which	1
mammoth	1
vakamuria	1
hon	1
roguci	1
macrocarpa	1
veisautaki	1
veituberi	1
nirvana	1
auckland	1
fagifer	1
third	1
vakadodonu	1
sotia	1
kerekere	1
vakarorogo	1
mosi	1
papaya	1
vakalawa	1
cie	1
katuba	1
vakaro	1
guttatus	1
elements	1
jr	1
lds	1
vakavuku	1
daucakacaka	1
vakanadakuya	1
duikaikai	1
certificate	1
wiliki	1
vakavutuniyautaki	1
drift	1
itubutubu	1
see	1
senijiuri	1
itikotiko	1
amare	1
yacadra	1
dodonu,”	1
system	1
ilesilesi	1
piper	1
fay	1
veivakabobulataki	1
eroti	1
radiator	1
vinakakata	1
cake	1
veisausaumitaka	1
veiqati	1
fouhy	1
today	1
nauarabota	1
nucifera	1
viavia	1
roman	1
kyle	1
frunsenskii	1
patripassianism	1
ivakaraitaki	1
cavutu	1
after	1
estimated	1
varanise	1
tugalala	1
nikua	1
may	1
anas	1
kuwe	1
marika	1
º12´n	1
ii	1
tacidra	1
tadua	1
argentina	1
vakatakarakara	1
qiqo	1
iwase	1
koala	1
lotu-vakarisito	1
yavusania	1
water	1
tubutubu	1
vakaiotaka	1
vakarisito	1
iloilo	1
vacakakani	1
siria	1
ivalavala	1
veicakacaka	1
baravi	1
ekatea	1
administration	1
imatai	1
lois	1
familiaris	1
marge	1
tauyavu	1
vakasewasewani	1
superciliosa	1
uruguay	1
kakana	1
tikina	1
jabeni	1
birdlife	1
vakatoka	1
cakacakataki	1
vakarota	1
tucaketale	1
aya	1
mati	1
vakacava?”	1
all	1
kumuni	1
cocos	1
vaka-taki	1
meimami	1
maqalevu	1
dro	1
homer	1
osasko	1
www.st-peters.school.nz	1
marautaki	1
aprion	1
os	1
kovuta	1
tikotiko	1
vulagi	1
puss	1
stewie	1
vakayagataki	1
nakavu	1
similar	1
feperueri	1
specials	1
gusudratou	1
patriae	1
believers	1
pasifika	1
serve	1
luve	1
known	1
kauta	1
tinikava	1
veivakararamataki	1
ligamamada	1
predate	1
veivakararawataki	1
trust	1
cavaka	1
is	1
here	1
duavata	1
dausoko	1
saula	1
navo	1
noa	1
will	1
gaius	1
yalovakanuinui	1
theological	1
tautauvata	1
dauloloma	1
castaway	1
vakota	1
yalomalimalumu	1
ikoya	1
lodra	1
vakatavulica	1
ibalebale	1
yalayalati	1
vakabula	1
assessment	1
tautaku	1
pita	1
brian	1
ivakarau.”	1
loga	1
saineai	1
rufitorques	1
lomamuni	1
course	1
sagai	1
saravanua	1
gargamel	1
filius	1
christmas	1
peter’s	1
veivale-ni-volavola	1
vakadinadinataki	1
yasa	1
yalomalua	1
george	1
americana	1
rogolevu	1
million	1
scared	1
va-kirisi	1
vei-vuke	1
vaqara	1
lucasfilm	1
senituri	1
kovoca	1
sobu	1
development	1
following	1
feks	1
intanet	1
liwalala	1
qilaiso	1
shrekless	1
dauveivakadirideini	1
julai	1
iloilovatu	1
iesu	1
lakova	1
veitikina	1
lomana	1
tinikavitu	1
ua	1
vakatalega	1
yacovi	1
wasawasa	1
veimata	1
kauwaitaka	1
sairusi	1
erythrura	1
dinosaurs	1
iwiliwili	1
boots	1
refers	1
kerea	1
vei-volekati	1
makabiasi	1
ka'u	1
opposita	1
springs	1
raraga	1
hindu	1
फीजी	1
early	1
lew	1
juitasa	1
tamamu	1
bibi	1
parisi	1
veivutunitaki	1
araucanía	1
treats	1
tuvu	1
duidui	1
holy	1
ciwasagavulu	1
pejoratively	1
duru	1
isosomi	1
rogoca	1
luther	1
vakaristo	1
osoni	1
valu	1
okotova	1
emerged	1
italai	1
lugubris	1
eucharist	1
veivakabulai	1
vakailavotaka	1
luke	1
canis	1
ivakadewa	1
veitabaki	1
vala	1
leninskii	1
vakatawani	1
vakadeitaka	1
domona	1
soqosoqo	1
vaka-peritania	1
lomavata	1
cakitaka	1
butako	1
ecake	1
volskii	1
qusqu	1
tv	1
tikoga	1
chris	1
goiás	1
luveniyali	1
monarchism	1
keitou	1
dramidrami	1
taqomaka	1
cuchillo	1
makanitu	1
meltdown	1
stan	1
waitui	1
elemedi	1
inocarpus	1
vakatabuya	1
modalistic	1
domestica	1
veimatasere	1
vunautaki	1
vakacegui	1
mater's	1
narewa	1
achievement	1
odie	1
ukraine	1
taveuni	1
cartman	1
salvation	1
naua	1
tine	1
veilaroi	1
welesi	1
gunuvi	1
kasi	1
daimani	1
result	1
tawa	1
sabellianism	1
nomuni	1
itself	1
baleti	1
catholic	1
balbisiana	1
persea	1
veicalati	1
wavoliti	1
cere	1
nodai	1
cokovata	1
pasede	1
matamata-ni-kiro	1
rattus	1
vukitani	1
dautagi	1
reki	1
vakarokoroko	1
daulelewa	1
lomaqu	1
kavelu	1
navatulevu	1
itabatamata	1
halls	1
qele	1
vakabete	1
vakapolitikicomer	1
acuminata	1
vakayalo	1
often	1
kivei	1
wilson	1
vakatui	1
band	1
only”	1
katakata	1
veisereki.”	1
sakaramede	1
citrifolia	1
suwitisaladi	1
people	1
va-kalou	1
carica	1
juta	1
bolbometopon	1
veivalenivolavola	1
collision	1
itokani	1
trifida	1
yalodra	1
nontrinitarian	1
liuliu	1
vukavuka	1
vesuka	1
modalism	1
examinations	1
tusanaka	1
nepal	1
rabi	1
laki	1
yalosavasava	1
undulatus	1
kings	1
eliu	1
disputes	1
castle	1
vakasaurarataki	1
io	1
vika	1
lasulasu	1
veipapitaisotaki”	1
daumasu	1
taki	1
but	1
name	1
ilavo	1
veitacini	1
tuvaki	1
yava	1
ivolanikalou	1
livaliva	1
lisa	1
tuvuka	1
veivosaki	1
lucas	1
kaciva	1
veimaliwai	1
hedlandensis	1
forever	1
vakamalumalumutaka	1
totobu	1
alata	1
maucokona	1
jiu	1
lapita	1
saleukiti	1
tuiraga	1
josua	1
buddha	1
toro	1
peretania	1
eisamoni	1
tokona	1
tolusagavulu	1
k	1
there	1
bart	1
seemannii	1
namotomoto	1
veitarataravi	1
tiki	1
ikatalau	1
dawn	1
joe	1
ivukevuke	1
dauyalewa	1
split	1
bothus	1
tyndale	1
cibi	1
buturara	1
martin	1
vakavesu	1
dumetorum	1
korinica	1
pealii	1
vuravira	1
bc	1
curuma	1
modal	1
digitaki	1
noumuni	1
lomaocaoca	1
vloa	1
an	1
yacamuni	1
vakamatei	1
miniseteri	1
city	1
methysticum	1
korolevu	1
peter	1
ignobilis	1
cikecike	1
maluwa	1
miniatus	1
qito	1
segata	1
vere	1
veivakadonui	1
vasagavula	1
vakarautaka	1
tropical	1
waisiliva	1
adherents	1
zavodskoi	1
eroni	1
rogoci	1
vinakati	1
veitaba	1
confucius	1
love	1
vakabobula	1
tekiduru	1
carangoides	1
epsom	1
beijin	1
vakavuravura	1
vula	1
muria	1
videogames	1
komata	1
tawani	1
vakarua	1
matanisiga	1
veitabatamata	1
dauveipapitaisotaki	1
vualiku	1
et	1
veivuketaka	1
claims	1
kiina	1
veimatatamata	1
vakalou	1
laddiana	1
delakula	1
arithmetic	1
ligada	1
veileti	1
saumi	1
vakatabakidua	1
gadreva	1
were	1
rabuka	1
websites	1
nuku	1
vakarivirivi	1
mentalis	1
atama	1
peru	1
kocova	1
senikau	1
paraná	1
bete	1
chelonioidea	1
ma	1
kece”	1
veimuri	1
accipiter	1
navoci	1
voui	1
argus	1
nepos	1
ciqoma	1
maggie	1
warszawa	1
w	1
doctrinal	1
william	1
oktiabrskii	1
kuɾi'tibɐ	1
government	1
itavi	1
tampico	1
local	1
california	1
external	1
delani	1
tadrau	1
kitaka	1
veisereki	1
kirovskii	1
servire	1
ceuceu	1
rabailailai	1
vakasisila	1
meg	1
uluqu	1
melikiseteki	1
phījī	1
veivakatorocake	1
yavala	1
sukuea	1
kanatabatu	1
vakavuwai	1
igadigadi	1
agilosi	1
dauveilewai	1
peter's	1
daunibisinisi	1
links	1
marmorata	1
ivakabula	1
exulans	1
educational	1
vakalailai	1
tinikarua	1
paraiminisita	1
vosavakaviti	1
namena	1
veiceva	1
julius	1
ncea	1
laukana	1
nick	1
lupus	1
ऑफ	1
lalabalavu	1
muppets	1
domesticus	1
anguilla	1
bulibuli	1
cayenensis	1
cavuka	1
nonai	1
days	1
yavutaki	1
tokoni	1
dusi	1
vakatavuvuli	1
naiqama	1
alatri	1
vanuatani	1
gusudra	1
saqata	1
anous	1
vakai	1
vagalalataki	1
samaria	1
continental	1
ăph	1
polyalthia	1
isoqosoqo	1
whom	1
kovana	1
nascent	1
matakau	1
erfurt	1
grouping	1
taleitaka	1
kauwaitaki	1
nijemci	1
tinamu	1
er	1
eparaama	1
soqe	1
rhopalocera	1
kaukauwa”	1
monarchianism	1
vuata	1
cevari	1
madaga	1
limana	1
sitiveni	1
taudaku	1
veivakamarautaki	1
sau	1
wittenberg	1
mita	1
morinda	1
iserau	1
dratabu	1
mataquali	1
archives	1
muricatum	1
solomoni	1
sam	1
serauni	1
vulici	1
colocasia	1
goleva	1
beitaka	1
gon	1
balistapus	1
jiulai	1
li	1
malus	1
kavitu	1
vei-yasana	1
dina”	1
rare	1
veibutakoci	1
mona	1
baptism	1
subscribe	1
vukei	1
eka	1
laurai	1
biobío	1
laumotu	1
veivakurabuitaki	1
dede	1
talevoni	1
waqavuka	1
vakayauyau	1
matalau	1
vuda	1
efeso	1
otela	1
vakatakilai	1
vakabibi	1
vavalagi	1
viagunuva	1
sasauni	1
veivakatorocaketaki	1
vucu	1
ciri	1
vakaleleka	1
iyaragi	1
nuitaka	1
vakamamautaki	1
centre	1
रिपब्लिक	1
秦二世皇帝	1
wale	1
peyo	1
brothers	1
district	1
kenny	1
italy	1
ipomoea	1
patris	1
veimatavakabauta	1
raraba	1
acanthurus	1
tara	1
emeni	1
hunt	1
toko	1
gagadre	1
mada	1
f	1
qarava	1
vakaitavi	1
jale	1
eke	1
tarava	1
imeli	1
huang	1
iulius	1
º38´o	1
ivakatakila	1
vakagadreva	1
rd	1
viakania	1
vakadravudravua	1
pomopei	1
noveba	1
ikelekele	1
believe	1
tasoro	1
jone	1
penitiko	1
dioscorea	1
ziying	1
from	1
iyatuvosa	1
turaga-ni-valu	1
lolo	1
basikeli	1
yau	1
vucuqu	1
taba-i-vakaro	1
batatas	1
rogo	1
mudu	1
artamus	1
veisoqosoqo	1
vada	1
kurabui	1
matana	1
jekope	1
mera	1
